Aranda Méndez. Carlos,id.sapien@fringilla.ca,+34 724 24 50 93
Mohamed Marquina. Marta,odio@blandit.org,+34 095 47 35 12
Galeano Moreno. Miguel,egestas.Aliquam@Quisque.edu,+34 961 26 54 34
Martin Vázquez. Ángel,Nunc.ut.erat@Utnec.com,+34 682 03 91 56
Méndez Viñas. José,Cras@rhoncus.com,+34 374 24 43 80
Sánchez Rojas. Luis,vitae@condimentumeget.net,+34 424 57 72 20
Soler Coll. Juan,ac.tellus@sitamet.net,+34 908 20 52 68
Molero Haro. David,tempus@diamSeddiam.net,+34 005 35 72 65
Martin Amaro. Miguel,est.Nunc@augue.net,+34 833 45 52 16
Gómez García. Pablo,primis.in@blanditmattisCras.com,+34 880 58 89 84
Martínez García. Lucia,Integer.mollis@necmalesuadaut.ca,+34 053 13 91 83
Ramírez Mateu. Alfonso,dis.parturient.montes@justonec.edu,+34 028 54 43 16
Quintana Calzada. Dolores,mauris.rhoncus.id@ligulaeuenim.edu,+34 699 50 40 56
Cámara Martin. Paloma,blandit@iaculisneceleifend.org,+34 268 52 20 84
Duran Alonso. José,Nunc@laoreetposuere.org,+34 313 44 05 36
Arrabal Marques. José Manuel,Sed.eget@atnisiCum.org,+34 439 11 36 17
Guerra Martínez. María Mar,placerat@vehiculaaliquet.com,+34 803 21 15 88
Otero Linares. José,ullamcorper.eu.euismod@eleifend.net,+34 895 83 79 52
Revilla García. María,varius.orci@volutpat.co.uk,+34 879 57 80 24
Rodríguez Rubio. Ana María,metus@lobortis.ca,+34 802 52 82 50
Hidalgo Sánchez. Rafael,Nunc.ullamcorper.velit@mollislectus.net,+34 884 28 37 13
García Bello. María Mar,libero@eusemPellentesque.org,+34 603 86 43 07
Fernández Sierra. Alicia,sollicitudin.adipiscing@montesnasceturridiculus.net,+34 399 56 72 05
Fernández Torres. Ana,nec@Donec.org,+34 903 72 59 13
Hernández Gómez. Juana,leo@orci.co.uk,+34 713 47 95 60
Bravo Tudela. José María,lorem@a.co.uk,+34 865 06 67 99
Escobar López. Josefa,a.tortor.Nunc@atvelitCras.ca,+34 373 36 08 98
Rus Ramos. Juan,Morbi@Vivamusmolestiedapibus.edu,+34 768 32 92 57
Guzmán Rodríguez. Laura,fermentum.fermentum@eu.com,+34 887 37 74 57
Crespi González. Raúl,ultrices.sit@atarcu.org,+34 758 46 86 41
Sánchez Domínguez. Rosa María,lacus@Quisquevarius.net,+34 718 54 46 82
Aguilar Sánchez. Jaime,nonummy.ultricies.ornare@pede.edu,+34 018 49 68 34
Poza Martin. Rocío,natoque.penatibus.et@inlobortistellus.edu,+34 533 43 93 52
