Guerrero Silva. Beatriz,facilisis.eget.ipsum@nonsapienmolestie.org,+34 132 18 35 10
Ramírez Alonso. Mikel,Nullam.enim@velitPellentesqueultricies.co.uk,+34 035 20 84 64
Jiménez Benito. Carmen,erat.semper@molestieintempus.edu,+34 746 90 38 39
García Melero. Mario,arcu.Vestibulum@aliquetPhasellusfermentum.net,+34 175 52 64 14
Sola Estrada. Francisca,placerat.orci@Etiam.co.uk,+34 757 56 05 81
González Quirós. María,lorem.lorem@mattis.edu,+34 784 72 73 15
Alcaraz Pérez. Xavier,eget.ipsum@metus.ca,+34 117 20 76 87
Zheng Estrada. María,orci.lacus@noncursus.org,+34 768 14 81 86
Calvo Moreno. Ana María,ac@consectetuereuismod.ca,+34 554 28 12 15
Sánchez Ortega. José Antonio,bibendum.sed.est@noncursusnon.edu,+34 863 28 61 90
Felipe Ropero. Juana María,dui.nec@Donecestmauris.edu,+34 214 33 64 27
Sanz Bernabéu. Antonio,massa.Quisque.porttitor@mipede.edu,+34 083 93 27 99
Sánchez Mérida. Luis,tellus.Nunc.lectus@nisiAenean.ca,+34 132 36 39 66
Guerrero Jurado. María,Phasellus@Vestibulumante.co.uk,+34 129 84 51 26
Rubio Martin. María,ac.arcu@tortordictum.org,+34 466 51 86 33
Palacios De la Peña. Dolores,dui@Nullam.net,+34 659 29 00 45
Jara García. Sergio,vitae.sodales@diam.org,+34 667 68 70 45
Huerta Alarcón. Javier,interdum@tinciduntorciquis.edu,+34 199 82 67 08
Martin Wang. Francisco,sem.ut@a.com,+34 108 82 40 15
Samper Casas. Marina,tellus.Suspendisse@ullamcorper.co.uk,+34 020 87 41 15
