nom,edat,email,dataNaixement,domicili,telefon
Muñoz Carbó. Miguel,16,ut.eros.non@amet.org,02/03/2002,701-2548 Eleifend. Street,+34 957 86 12 82
Alegría García. Pilar,14,consequat.purus@nislarcu.co.uk,22/08/2007,P.O. Box 243. 2761 A. Road,+34 911 72 21 27
Ruiz Serra. Alejandro,14,sem@euismodindolor.ca,06/07/2002,P.O. Box 834. 1504 Sed Rd.,+34 677 75 09 28
Guerrero Silva. Beatriz,15,facilisis.eget.ipsum@nonsapienmolestie.org,07/04/2009,432-4630 Habitant Ave,+34 132 18 35 10
Izaguirre Sánchez. Rosa María,16,lectus.Nullam@uteratSed.net,09/04/2005,P.O. Box 241. 8435 Nec Road,+34 603 97 69 17
Aranda Méndez. Carlos,17,id.sapien@fringilla.ca,05/12/2003,P.O. Box 450. 4586 Adipiscing. Rd.,+34 724 24 50 93
Mohamed Marquina. Marta,18,odio@blandit.org,30/08/2007,Ap #646-5387 Ultricies St.,+34 095 47 35 12
Galeano Moreno. Miguel,17,egestas.Aliquam@Quisque.edu,19/01/2010,P.O. Box 463. 4136 Integer Road,+34 961 26 54 34
Martin Vázquez. Ángel,17,Nunc.ut.erat@Utnec.com,19/09/2002,Ap #720-8258 Rutrum Avenue,+34 682 03 91 56
Martin Fernández. Julio,13,dolor.sit.amet@velarcu.com,22/10/2009,Ap #896-9286 Consequat Av.,+34 257 01 94 36
Ramírez Alonso. Mikel,15,Nullam.enim@velitPellentesqueultricies.co.uk,27/02/2004,777 Egestas St.,+34 035 20 84 64
Méndez Viñas. José,18,Cras@rhoncus.com,06/04/2004,P.O. Box 640. 842 Eget Rd.,+34 374 24 43 80
Sánchez Rojas. Luis,17,vitae@condimentumeget.net,30/05/2005,156-1527 Donec Road,+34 424 57 72 20
Novo Bravo. Concepción,16,vestibulum.Mauris@lectussitamet.net,28/02/2004,970-694 Felis Road,+34 428 24 14 29
Jiménez Benito. Carmen,15,erat.semper@molestieintempus.edu,21/09/2010,1204 A Rd.,+34 746 90 38 39
Soler Coll. Juan,17,ac.tellus@sitamet.net,20/12/2005,144-5132 Taciti Road,+34 908 20 52 68
González Palacios. José,13,massa.Vestibulum@eros.co.uk,25/10/2004,6181 Sapien Street,+34 644 06 34 32
Molero Haro. David,17,tempus@diamSeddiam.net,21/11/2002,Ap #497-3593 Libero. Ave,+34 005 35 72 65
Martínez Pedraza. José,13,sed.consequat.auctor@fermentum.ca,05/09/2009,426-4012 Neque. Avenue,+34 249 80 42 05
Díaz Sanchís. Manuel,13,id@feugiat.com,26/06/2004,Ap #913-7111 Curabitur Ave,+34 420 20 74 22
González Adame. Rosa María,11,Praesent@odio.ca,01/02/2002,P.O. Box 372. 9579 Magna. Avenue,+34 437 97 98 63
García Melero. Mario,15,arcu.Vestibulum@aliquetPhasellusfermentum.net,20/03/2003,2489 Iaculis Av.,+34 175 52 64 14
Martin Amaro. Miguel,18,est.Nunc@augue.net,04/05/2002,Ap #909-8621 Ipsum Ave,+34 833 45 52 16
Gómez García. Pablo,18,primis.in@blanditmattisCras.com,09/02/2003,Ap #706-1667 Commodo Ave,+34 880 58 89 84
Sola Estrada. Francisca,15,placerat.orci@Etiam.co.uk,16/01/2002,6965 Augue Ave,+34 757 56 05 81
González García. David,14,Nunc.mauris@orci.co.uk,16/09/2007,8946 Dictum Av.,+34 633 52 95 55
López Sánchez. Jorge,16,vulputate@congue.ca,23/02/2007,488-8184 Nec. Av.,+34 274 21 79 65
Martínez García. Lucia,18,Integer.mollis@necmalesuadaut.ca,06/01/2008,Ap #848-1411 Fusce Av.,+34 053 13 91 83
García Aguilera. Teresa,12,aliquet.metus.urna@Suspendissealiquetmolestie.ca,22/01/2007,Ap #808-1298 Urna Road,+34 669 47 41 59
Fernández Armenteros. María Pilar,14,pede@arcu.net,20/05/2009,393-1461 Risus Av.,+34 136 53 28 24
González Quirós. María,15,lorem.lorem@mattis.edu,27/07/2006,Ap #674-2996 Enim Avenue,+34 784 72 73 15
Rodríguez Álvarez. Francisca,16,sagittis.semper@eu.co.uk,02/10/2009,P.O. Box 241. 5028 Pretium Road,+34 515 25 10 54
Triguero Marín. María José,12,vestibulum.massa.rutrum@Duis.edu,03/04/2004,988-5888 Sed Road,+34 131 51 25 59
Seoane Martin. María Carmen,13,sit.amet@ut.net,14/07/2004,Ap #642-8004 Aliquam St.,+34 355 58 66 97
Romano Moreno. Miguel,11,nulla.at@nequeMorbi.org,10/04/2006,Ap #923-691 Donec St.,+34 508 14 19 41
Herrero Rodríguez. Antonio,16,leo.Cras@id.com,27/04/2002,705-2560 Hendrerit Avenue,+34 892 34 70 78
Montero Pérez. Rosa,13,purus.gravida@scelerisque.net,03/05/2004,7819 Vivamus Street,+34 288 65 55 43
Arellano Gracia. José Luis,16,ornare@nislMaecenasmalesuada.co.uk,07/01/2005,P.O. Box 466. 4081 Tellus Rd.,+34 847 45 24 79
Castellanos Hurtado. Juan Carlos,14,nulla.Donec@acturpis.net,12/04/2007,Ap #492-4982 Lorem Rd.,+34 905 71 76 16
Rivera Villarreal. Rafael,12,magna.malesuada@Nullam.net,13/12/2008,873-5341 Diam. Av.,+34 647 69 34 22
Alcaraz Pérez. Xavier,15,eget.ipsum@metus.ca,23/09/2003,P.O. Box 219. 7475 Iaculis Street,+34 117 20 76 87
Carballo Herrero. Julián,12,tempor.est@a.net,01/11/2007,277-1340 Molestie Road,+34 978 42 02 37
Tomas Montaño. María,16,mi.Duis@cursusdiam.com,21/12/2009,5931 Orci Avenue,+34 924 73 55 76
Barrul Suarez. Mercedes,14,amet.risus@necimperdietnec.net,14/09/2003,2481 Nunc Ave,+34 599 98 67 40
Arévalo Abad. Alejandro,13,penatibus.et@Maecenasornare.ca,24/09/2009,6476 In Ave,+34 207 29 89 17
González León. María Carmen,16,Sed@fringillaeuismodenim.org,17/10/2003,P.O. Box 587. 7736 Enim. Ave,+34 056 46 73 62
Zheng Estrada. María,15,orci.lacus@noncursus.org,20/11/2006,973-5584 Commodo St.,+34 768 14 81 86
Velasco López. María Isabel,14,convallis.in@orciDonec.net,20/10/2008,P.O. Box 469. 4305 Convallis St.,+34 117 32 70 47
Marín Martínez. José María,16,ipsum.cursus.vestibulum@ornarelectus.com,27/09/2002,P.O. Box 905. 5992 Donec Av.,+34 991 20 10 17
Piera Arce. Francisco Javier,14,nec@aliquamerosturpis.org,16/09/2006,P.O. Box 831. 7381 Nec. St.,+34 998 23 69 14
Calvo Moreno. Ana María,15,ac@consectetuereuismod.ca,13/04/2004,927-9247 Sodales Street,+34 554 28 12 15
Ramírez Mateu. Alfonso,17,dis.parturient.montes@justonec.edu,19/05/2010,937-7139 Cubilia Street,+34 028 54 43 16
Álvarez Salmerón. Manuel,16,malesuada@feugiatnon.net,30/03/2002,Ap #521-2473 Ornare. Avenue,+34 384 59 04 98
Gracia Segui. Rafael,12,vulputate.risus.a@eget.com,02/01/2005,P.O. Box 351. 5200 Non. Street,+34 982 60 66 86
Quintana Calzada. Dolores,18,mauris.rhoncus.id@ligulaeuenim.edu,03/06/2002,P.O. Box 900. 8592 Aliquam Rd.,+34 699 50 40 56
Vargas González. Ana María,11,viverra.Donec@ligulatortordictum.co.uk,07/06/2002,Ap #349-4096 Ipsum Rd.,+34 393 19 07 23
Ordoñez Hidalgo. José,12,Curabitur.consequat.lectus@duilectus.com,15/10/2008,513-6928 Tellus. Av.,+34 585 29 35 80
Gutiérrez Rodríguez. Emilio,16,pede.et@pellentesqueegetdictum.org,03/12/2009,3508 Semper Ave,+34 493 65 67 04
Mas Fraga. Irene,16,pellentesque.eget@lorem.co.uk,23/02/2003,283-4708 Lorem. Rd.,+34 323 47 91 13
Santos Segui. Rosa María,16,posuere.vulputate.lacus@nequeSed.org,18/02/2004,P.O. Box 498. 1532 Sit St.,+34 509 65 05 28
Bustillo Pons. Miguel,11,at@sociis.ca,19/01/2003,P.O. Box 891. 4098 Dictum. Avenue,+34 132 98 17 28
Pérez Jiménez. Alfonso,12,mattis@diamSed.co.uk,21/09/2010,8741 Lorem. St.,+34 889 80 70 83
Alonso Jiménez. José,13,pede.ac.urna@ullamcorpereu.com,20/12/2006,951 Ligula. St.,+34 172 49 64 79
Cáceres Romero. Paula,12,enim.condimentum.eget@vestibulum.co.uk,14/05/2008,2715 Cras Rd.,+34 919 33 12 03
Llorente Ruiz. Purificación,16,purus.Maecenas.libero@tempus.edu,13/12/2005,9570 Et Street,+34 806 95 63 74
García López. Manuel,14,porttitor.scelerisque@Curabitur.com,19/01/2004,P.O. Box 397. 7245 Ullamcorper. Av.,+34 836 84 62 96
Pena Núñez. Rosa María,11,mauris@Suspendisse.ca,15/06/2003,5149 Congue Street,+34 052 90 03 41
Ramírez López. Juana,11,vitae@magna.edu,01/09/2003,P.O. Box 113. 1925 At Avenue,+34 567 78 71 86
Sánchez Ortega. José Antonio,15,bibendum.sed.est@noncursusnon.edu,29/07/2003,P.O. Box 275. 4215 Lacus. St.,+34 863 28 61 90
Ramón Gallego. Isabel,12,eu.odio@egetlaoreet.com,03/12/2007,156-8101 Mauris Ave,+34 358 69 64 66
Fernández Martin. María Rosario,12,egestas.nunc.sed@eunibhvulputate.org,24/09/2002,693-982 Nullam Avenue,+34 333 33 04 90
González Marín. Jorge,16,imperdiet.dictum@Crasvehiculaaliquet.co.uk,24/09/2006,P.O. Box 962. 9011 Nulla Road,+34 398 49 69 44
Gallardo Giménez. Antonio,14,elit.Nulla.facilisi@auctorvelitAliquam.net,19/06/2008,417-159 Eget St.,+34 878 57 35 08
Sosa Santos. Mónica,14,semper@dolor.ca,03/12/2008,Ap #522-511 Proin St.,+34 705 95 37 39
Felipe Ropero. Juana María,15,dui.nec@Donecestmauris.edu,25/06/2010,721-3097 Vitae Street,+34 214 33 64 27
López Román. Josefa,12,velit.Aliquam.nisl@egetodio.ca,06/12/2007,P.O. Box 170. 5063 Pede. Av.,+34 673 79 67 18
Cámara Martin. Paloma,18,blandit@iaculisneceleifend.org,16/12/2005,Ap #445-2206 Ac Street,+34 268 52 20 84
Duran Alonso. José,17,Nunc@laoreetposuere.org,30/09/2009,P.O. Box 136. 9053 Non. Rd.,+34 313 44 05 36
Sánchez Ruiz. Miguel Ángel,16,pulvinar@molestiepharetranibh.com,25/09/2006,P.O. Box 454. 2625 Quis Street,+34 462 27 43 18
Teixeira Gómez. Lucia,16,in@odio.org,28/06/2010,P.O. Box 325. 4977 Tempor Rd.,+34 312 78 00 94
Crespo Vera. María Carmen,12,Donec@ultriciesdignissim.edu,08/11/2002,P.O. Box 977. 4162 Nascetur Rd.,+34 402 09 99 82
Martin Miñana. Vicente,11,orci.adipiscing.non@rhoncusidmollis.co.uk,15/08/2006,5688 Cursus. Ave,+34 426 93 01 21
Muñoz González. Mónica,16,aliquet.metus.urna@mi.edu,01/04/2006,Ap #381-1862 Arcu. Road,+34 220 31 98 93
Ripoll Rodríguez. Joaquín,16,arcu.Curabitur.ut@molestiesodales.ca,01/01/2010,P.O. Box 299. 3313 Augue St.,+34 298 67 65 67
García Toledo. María Carmen,13,lobortis@quis.co.uk,10/07/2010,Ap #355-4544 Gravida St.,+34 850 50 23 53
Ramos Sánchez. María Dolores,12,placerat@ametdiameu.co.uk,11/02/2008,P.O. Box 759. 2213 Tellus Rd.,+34 158 54 75 74
Sanz Bernabéu. Antonio,15,massa.Quisque.porttitor@mipede.edu,15/09/2009,P.O. Box 195. 5543 Mauris St.,+34 083 93 27 99
Heras Cazorla. Ana,13,luctus.vulputate.nisi@accumsanlaoreetipsum.co.uk,01/07/2003,Ap #264-2917 Cras Rd.,+34 771 03 84 76
Benito Pérez. Antonio,16,arcu.eu@rutrumjusto.edu,01/10/2006,Ap #117-9008 In. Av.,+34 084 29 58 35
Pérez Guardia. María Isabel,11,euismod.est.arcu@nislarcu.net,31/01/2004,402-9926 Lorem. Av.,+34 935 17 37 84
Muñoz Núñez. Pilar,14,blandit.enim@disparturient.net,22/01/2009,1356 Mauris Rd.,+34 606 39 52 83
Arrabal Marques. José Manuel,18,Sed.eget@atnisiCum.org,12/07/2002,992-9971 Blandit. Rd.,+34 439 11 36 17
Sánchez Sánchez. Encarnación,11,Nam.consequat.dolor@mattis.net,22/11/2005,Ap #560-8189 Non Av.,+34 779 39 95 21
Álvarez Alemán. Miguel,11,purus.Nullam.scelerisque@elementum.co.uk,02/12/2006,P.O. Box 950. 1651 Phasellus Rd.,+34 038 40 45 86
Guillen Vicente. José,12,vehicula.et@arcuMorbisit.org,03/07/2007,P.O. Box 344. 4955 Convallis Rd.,+34 065 64 42 73
Torres Alonso. Daniel,13,Phasellus.ornare.Fusce@molestiesodalesMauris.org,22/06/2008,Ap #126-7810 Pede. St.,+34 394 11 52 20
Cuevas Páez. Eduardo,14,lacinia@mauris.com,19/06/2007,5312 Duis Avenue,+34 032 51 61 53
Sánchez Mérida. Luis,15,tellus.Nunc.lectus@nisiAenean.ca,27/06/2010,Ap #560-188 Lorem. Avenue,+34 132 36 39 66
Guerra Martínez. María Mar,18,placerat@vehiculaaliquet.com,23/04/2004,5538 Odio. Road,+34 803 21 15 88
Méndez Rodríguez. Rafael,16,purus.ac@Aliquamnisl.co.uk,03/07/2002,5635 Facilisis Rd.,+34 910 03 60 91
Otero Linares. José,17,ullamcorper.eu.euismod@eleifend.net,17/07/2006,1822 Imperdiet. Av.,+34 895 83 79 52
Márquez Montero. María Carmen,11,non@ullamcorper.com,29/03/2007,Ap #949-1352 Facilisis Street,+34 463 80 92 40
Hernández Martin. Ana,13,adipiscing.elit.Curabitur@amalesuadaid.edu,27/02/2007,423 Molestie Avenue,+34 322 96 48 18
García Sanz. Sara,13,libero.Donec.consectetuer@maurisa.net,18/01/2009,Ap #175-1227 A Road,+34 841 41 35 04
Mora Hernández. Francisco,16,lacus@eleifendCrassed.ca,28/06/2003,6170 Libero St.,+34 006 61 70 98
Navarro González. Manuela,11,risus.Duis.a@lacus.net,26/06/2006,505-9635 Proin Rd.,+34 250 43 89 53
Martin Román. Francisco,11,posuere.at.velit@lobortisultrices.edu,23/06/2005,Ap #441-5899 Tincidunt Rd.,+34 259 66 03 56
Revilla García. María,18,varius.orci@volutpat.co.uk,28/11/2006,P.O. Box 883. 2400 Magna. Rd.,+34 879 57 80 24
Hernández Aramburu. Javier,14,Duis.dignissim@nostra.co.uk,26/01/2010,948-4657 Ridiculus Road,+34 184 33 61 32
Rodríguez Ayllón. Sara,16,sed@Fusce.com,28/01/2007,421-1150 Penatibus Ave,+34 386 19 78 44
Carmona Castellano. Antonio,13,Duis.a@sitamet.edu,10/05/2006,P.O. Box 443. 4862 Tortor. Av.,+34 658 07 31 06
Aguero Cabezas. Paloma,16,lobortis@lacusvestibulum.ca,20/01/2004,877-1438 Sem St.,+34 986 68 55 26
Muñoz Bouzas. Adrián,12,Cras.vulputate@lectusrutrumurna.net,29/10/2006,2892 Mollis Road,+34 775 32 14 59
Vico Benavent. David,13,Nullam.feugiat@miDuis.edu,14/05/2006,7437 Lacus. Ave,+34 555 12 56 30
Rodríguez Rubio. Ana María,17,metus@lobortis.ca,11/11/2005,3096 Augue St.,+34 802 52 82 50
Gómez González. Carlos,13,ornare@Fuscemilorem.edu,04/02/2009,Ap #375-5352 Aliquet. Ave,+34 138 17 55 11
Hidalgo Sánchez. Rafael,18,Nunc.ullamcorper.velit@mollislectus.net,08/07/2003,Ap #268-785 Odio. Street,+34 884 28 37 13
González Ojeda. Eduardo,13,Sed.diam.lorem@Loremipsumdolor.org,08/11/2004,P.O. Box 718. 4161 Nunc Street,+34 598 59 77 08
Vidal López. Carlos,16,cursus.et@lobortisultricesVivamus.edu,08/08/2008,Ap #272-6410 Posuere Rd.,+34 052 97 14 99
Vieira Ramírez. Francisco,13,nisi.nibh@sit.com,05/05/2008,Ap #647-4472 Dictum St.,+34 874 30 04 26
Revilla Méndez. Francisco,14,placerat.augue@tellus.edu,13/03/2009,Ap #256-4692 Cursus. St.,+34 927 21 61 02
Cuellar Cid. Francisco,12,dui.Cum.sociis@nonummy.net,29/05/2007,240-9080 Montes. St.,+34 069 89 20 27
Guerrero Jurado. María,15,Phasellus@Vestibulumante.co.uk,31/03/2006,9415 Aenean Street,+34 129 84 51 26
Rubio Martin. María,15,ac.arcu@tortordictum.org,04/05/2003,P.O. Box 200. 7576 Pellentesque. Road,+34 466 51 86 33
Monzo Soler. Antonio,11,pede.Cum.sociis@vulputateposuerevulputate.net,27/02/2002,102-2413 Magna. Avenue,+34 754 88 51 58
García Bello. María Mar,17,libero@eusemPellentesque.org,12/11/2005,516-479 Felis. Avenue,+34 603 86 43 07
Palacios De la Peña. Dolores,15,dui@Nullam.net,31/07/2007,3143 Eu. Avenue,+34 659 29 00 45
González García. Álvaro,12,hymenaeos@ullamcorpernisl.net,16/09/2004,2070 Suspendisse Ave,+34 349 15 47 90
Vargas Jiménez. María Teresa,14,urna.Nullam.lobortis@pharetraNam.co.uk,06/02/2007,4716 Sit Ave,+34 641 81 69 64
González Francés. Francisco,13,eget.mollis.lectus@montesnasceturridiculus.org,18/09/2003,467-1291 Duis Av.,+34 893 34 31 73
Sánchez Martínez. Sergio,16,Nunc@actellus.org,07/12/2008,P.O. Box 374. 859 Cras Rd.,+34 368 83 45 62
Jara García. Sergio,15,vitae.sodales@diam.org,18/09/2010,P.O. Box 790. 5080 Sed Rd.,+34 667 68 70 45
López García. Laura,16,mus.Aenean@dis.edu,08/08/2009,P.O. Box 691. 7150 Dui. Avenue,+34 841 31 93 37
Bermejo Ibáñez. Marina,11,quis.turpis@acfacilisisfacilisis.org,12/05/2005,Ap #170-4899 Ligula. St.,+34 393 96 86 08
Fernández Sierra. Alicia,17,sollicitudin.adipiscing@montesnasceturridiculus.net,20/11/2006,P.O. Box 752. 1349 Pede Av.,+34 399 56 72 05
Colomer De la Rosa. Jesús María,11,Quisque@sempertellus.net,25/06/2002,Ap #725-2532 Dui. Av.,+34 041 99 23 91
Tejada Marín. Ramón,16,Mauris.eu.turpis@fringilla.net,20/10/2007,P.O. Box 652. 6489 Vivamus Avenue,+34 165 06 16 15
Huerta Alarcón. Javier,15,interdum@tinciduntorciquis.edu,10/08/2010,P.O. Box 338. 7437 Mauris Av.,+34 199 82 67 08
Canals Delgado. Carlos,11,non@tinciduntorci.edu,27/12/2006,P.O. Box 371. 2548 Velit Av.,+34 356 95 03 26
Figueroa Salcedo. Francisco José,11,ac.tellus@DonecegestasAliquam.net,26/09/2002,Ap #901-1278 Malesuada St.,+34 636 29 73 63
Domínguez Jiménez. Juana,16,montes.nascetur@variusultrices.org,19/05/2003,Ap #665-4183 Eu. St.,+34 514 87 07 16
Guillen Martínez. Javier,12,auctor@vitaevelit.com,25/03/2009,7239 In St.,+34 250 46 06 21
Martínez Sainz. Carmen,13,blandit.enim@Morbiaccumsanlaoreet.edu,11/10/2007,P.O. Box 723. 9795 Integer St.,+34 110 21 46 60
Espín Rosado. Antonio,13,ante.dictum.cursus@lacus.edu,16/07/2008,657-2622 Tellus. St.,+34 152 19 85 04
Martínez Pico. José Antonio,14,tincidunt.Donec@milorem.edu,07/03/2007,Ap #389-1714 A Road,+34 333 52 22 54
Cañizares Moreno. Carmen,13,rutrum@Nunc.net,20/11/2006,806-5325 Ipsum Av.,+34 956 83 72 38
Fernández Torres. Ana,17,nec@Donec.org,30/11/2002,986-6903 Sed Avenue,+34 903 72 59 13
Hernández Gómez. Encarnación,12,nonummy@feugiat.ca,09/12/2005,P.O. Box 658. 1727 Eget. St.,+34 972 30 91 49
Hernández Gómez. Juana,17,leo@orci.co.uk,18/02/2007,9284 Egestas St.,+34 713 47 95 60
Bravo Tudela. José María,17,lorem@a.co.uk,05/07/2010,P.O. Box 281. 6630 Lectus. Av.,+34 865 06 67 99
Martínez Velasco. Daniel,11,malesuada.augue.ut@rutrumFusce.com,14/05/2008,Ap #126-9530 Nascetur Avenue,+34 519 67 40 79
Álvarez Moreno. Josefa,11,Cras.eget.nisi@Quisqueac.co.uk,30/10/2010,7229 Mauris Rd.,+34 482 27 27 45
Escobar López. Josefa,18,a.tortor.Nunc@atvelitCras.ca,19/12/2004,4017 Pede. Avenue,+34 373 36 08 98
Soler Fernández. Laura,14,felis.Nulla@pretiumnequeMorbi.ca,14/09/2007,Ap #166-2211 Egestas St.,+34 980 20 11 87
Martin Sanz. Cristina,16,non.enim.Mauris@gravidaAliquam.org,14/06/2004,P.O. Box 763. 1320 Adipiscing Rd.,+34 809 66 05 71
Buendía Sanz. María,11,Cum@adipiscing.com,29/08/2010,P.O. Box 482. 8489 Hendrerit Av.,+34 458 78 00 37
Lozano López. Antonia,14,metus@ipsum.org,19/10/2007,323 In Av.,+34 781 45 63 77
Andrade Puente. Sergio,16,Cras.lorem.lorem@eu.co.uk,03/10/2005,1583 Donec Rd.,+34 393 47 20 01
Navarro Conesa. Juan José,11,egestas@Sed.ca,14/01/2002,6814 Vivamus Av.,+34 124 01 43 56
Arce Sánchez. José Luis,14,tellus.sem.mollis@Nullasempertellus.edu,08/09/2002,P.O. Box 335. 2739 Ultrices. Street,+34 429 23 20 13
Rus Ramos. Juan,17,Morbi@Vivamusmolestiedapibus.edu,06/09/2004,P.O. Box 443. 3104 Tellus. Road,+34 768 32 92 57
Guzmán Rodríguez. Laura,18,fermentum.fermentum@eu.com,26/03/2004,187-6267 Sem Road,+34 887 37 74 57
Suarez Crespo. Josefa,11,commodo@nibhdolor.ca,25/09/2009,5760 Nullam Rd.,+34 713 03 08 45
Diez González. María,14,Curabitur.egestas.nunc@Vivamus.net,23/01/2002,3129 Lectus Road,+34 871 80 85 95
Alves Giménez. María José,13,diam.luctus@Craslorem.ca,09/02/2005,Ap #677-7548 Nisl. Avenue,+34 230 20 93 24
Ruiz Martínez. María,11,lacinia.orci.consectetuer@Aeneansedpede.com,30/08/2005,Ap #288-5737 Quam St.,+34 189 83 59 38
Sánchez Rodrigo. Rafael,13,dictum.placerat.augue@necmollisvitae.net,21/05/2003,598-1949 Inceptos St.,+34 211 31 11 60
Ndiaye Villaverde. Miguel Ángel,13,semper.egestas@aliquameuaccumsan.co.uk,10/01/2006,P.O. Box 697. 7905 Praesent St.,+34 071 08 12 54
Madrid Tejedor. Juan Manuel,16,amet.risus.Donec@vestibulumMauris.org,25/06/2006,8740 Non. Rd.,+34 383 37 03 84
Recio Gómez. Juan,11,lectus.convallis.est@eunulla.edu,13/04/2010,1660 Accumsan Street,+34 014 28 64 60
Pérez Santos. José María,16,vitae.erat@metus.com,12/02/2007,2362 Non. Road,+34 971 07 70 72
Casado Alonso. Fernando,12,Donec@velitQuisquevarius.com,03/01/2004,835-3458 Sit Rd.,+34 660 31 64 36
Moreno Casas. María Carmen,11,Cras.pellentesque.Sed@indolor.net,14/07/2002,108-8531 Aliquet Ave,+34 226 90 99 34
Díaz Castillo. Gerard,11,Etiam.imperdiet.dictum@aclibero.com,03/04/2005,942-7034 Tortor. St.,+34 213 62 27 69
Guisado Acosta. Francisco,12,Integer@Cum.net,02/12/2004,930-7580 Auctor Avenue,+34 332 09 68 03
Gutiérrez Pérez. Montserrat,12,purus@pharetraut.net,01/09/2006,890-3335 Ornare. Avenue,+34 776 10 65 47
Crespi González. Raúl,17,ultrices.sit@atarcu.org,17/05/2006,P.O. Box 387. 7505 Consectetuer. Av.,+34 758 46 86 41
Sánchez Domínguez. Rosa María,17,lacus@Quisquevarius.net,30/09/2010,P.O. Box 625. 7878 Congue Rd.,+34 718 54 46 82
Martin Wang. Francisco,15,sem.ut@a.com,09/07/2010,621-7013 Vel Rd.,+34 108 82 40 15
Pérez García. María Dolores,16,interdum.ligula.eu@sociisnatoquepenatibus.net,02/09/2006,104 Tellus Road,+34 743 85 74 74
Hernández Moreno. Laura,13,volutpat.Nulla.facilisis@Quisquetincidunt.ca,10/08/2010,Ap #518-7119 Erat. Street,+34 381 54 74 76
Picón Lobato. Jordi,13,lacinia.orci.consectetuer@sapien.ca,13/05/2003,2577 Sapien Ave,+34 562 16 37 51
Martínez Fernández. Antonio,11,id@Inlorem.net,13/06/2002,P.O. Box 846. 1426 Et. Ave,+34 099 96 68 94
Samper Casas. Marina,15,tellus.Suspendisse@ullamcorper.co.uk,19/12/2010,8732 Ultrices. Street,+34 020 87 41 15
Solorzano Herreros. Juan Carlos,16,adipiscing.lacus.Ut@Duisami.co.uk,08/06/2010,Ap #802-8659 Malesuada Road,+34 491 00 46 99
Hernández Gómez. Montserrat,13,sapien.Nunc@utcursus.co.uk,25/09/2004,464-3237 Nunc Av.,+34 273 42 23 66
Aguilar Sánchez. Jaime,17,nonummy.ultricies.ornare@pede.edu,17/01/2002,866-4237 Eu. St.,+34 018 49 68 34
Mesa González. Miguel Ángel,12,ipsum@ridiculusmus.org,08/06/2008,Ap #141-4094 Proin St.,+34 606 84 83 44
Poza Martin. Rocío,17,natoque.penatibus.et@inlobortistellus.edu,04/05/2007,Ap #559-7896 Egestas. Ave,+34 533 43 93 52
Campos Crespo. Juan,13,enim.mi.tempor@eu.com,06/10/2009,652-2086 Penatibus Avenue,+34 578 52 96 63
Fernández Castro. Isabel,13,lacus.varius@Maurisnondui.com,14/06/2005,124-3888 Duis Avenue,+34 537 16 75 85
Pérez Perdomo. Alejandro,11,vitae.odio@vitaeorci.co.uk,01/10/2002,P.O. Box 286. 7318 Magna St.,+34 062 16 70 80
Prado Porcel. Luis,14,montes@euaccumsan.net,31/01/2005,Ap #943-3668 Risus. Ave,+34 541 55 56 11
Navarro Guerra. María Carmen,13,ac.sem@dictummagna.co.uk,02/05/2009,P.O. Box 370. 8922 Vitae. St.,+34 120 27 72 17
Salvador Fraile. Antonio,11,egestas.blandit.Nam@magnaCrasconvallis.co.uk,20/07/2007,Ap #670-4363 Metus Road,+34 363 83 05 75
Marques Ortega. Dolores,16,eget@ante.co.uk,12/01/2005,187-2183 Non. Rd.,+34 915 41 18 65
Núñez González. Francisco Javier,12,Nunc.sollicitudin@elitEtiam.org,08/08/2008,Ap #738-8742 Etiam Street,+34 462 25 26 85
Gutiérrez Ferre. Sonia,16,tellus.Nunc.lectus@velitin.co.uk,02/02/2004,Ap #742-4863 At Road,+34 239 48 12 56
Alarcón García. María,14,neque.Nullam@mollis.com,28/09/2007,Ap #669-1147 Amet Road,+34 746 66 77 61
Rodríguez Martin. María Carmen,16,aliquet.vel.vulputate@eleifend.ca,23/07/2005,Ap #606-774 Fermentum Road,+34 761 97 43 57